videoTime;deviceName;eyeResolution;fov;targetFramerate;freezeTime;videoStartDelay;bufferingCount;networkLatency;videoResolution;videoLength;videoFrameRate;videoFrameCount;videoFinalFrame;deviceModel;freezes
0.92;;0x0;60;-1;0,0;0,06;1;1710,1;640x360;108,52;25,00;2713;23;G3 3500 (Dell Inc.);""
1.92;;0x0;60;-1;0,0;0,06;1;1710,1;640x360;108,52;25,00;2713;48;G3 3500 (Dell Inc.);""
2.92;;0x0;60;-1;0,0;0,06;1;1710,1;640x360;108,52;25,00;2713;73;G3 3500 (Dell Inc.);""
3.92;;0x0;60;-1;0,0;0,06;1;1710,1;640x360;108,52;25,00;2713;98;G3 3500 (Dell Inc.);""
4.92;;0x0;60;-1;0,0;0,06;1;1710,1;640x360;108,52;25,00;2713;123;G3 3500 (Dell Inc.);""
5.92;;0x0;60;-1;0,0;0,06;1;1710,1;640x360;108,52;25,00;2713;148;G3 3500 (Dell Inc.);""
6.36;;0x0;60;-1;0,6;0,06;1;1710,1;640x360;108,52;25,00;2713;159;G3 3500 (Dell Inc.);""
6.36;;0x0;60;-1;1,6;0,06;1;1710,1;640x360;108,52;25,00;2713;159;G3 3500 (Dell Inc.);""
6.76;;0x0;60;-1;0,0;0,06;1;1710,1;640x360;108,52;25,00;2713;169;G3 3500 (Dell Inc.);"[6,36-8,57:2,21s]"
7.76;;0x0;60;-1;0,0;0,06;1;1710,1;640x360;108,52;25,00;2713;194;G3 3500 (Dell Inc.);""
8.76;;0x0;60;-1;0,0;0,06;1;1710,1;640x360;108,52;25,00;2713;219;G3 3500 (Dell Inc.);""
9.76;;0x0;60;-1;0,0;0,06;1;1710,1;640x360;108,52;25,00;2713;244;G3 3500 (Dell Inc.);""
10.76;;0x0;60;-1;0,0;0,06;1;1710,1;640x360;108,52;25,00;2713;269;G3 3500 (Dell Inc.);""
11.76;;0x0;60;-1;0,0;0,06;1;1710,1;640x360;108,52;25,00;2713;294;G3 3500 (Dell Inc.);""
12.76;;0x0;60;-1;0,0;0,06;1;1710,1;640x360;108,52;25,00;2713;319;G3 3500 (Dell Inc.);""
13.76;;0x0;60;-1;0,0;0,06;1;1710,1;640x360;108,52;25,00;2713;344;G3 3500 (Dell Inc.);""
14.76;;0x0;60;-1;0,0;0,06;1;1710,1;640x360;108,52;25,00;2713;369;G3 3500 (Dell Inc.);""
15.76;;0x0;60;-1;0,0;0,06;1;1710,1;640x360;108,52;25,00;2713;394;G3 3500 (Dell Inc.);""
16.00;;0x0;60;-1;0,8;0,06;1;1710,1;640x360;108,52;25,00;2713;400;G3 3500 (Dell Inc.);""
16.00;;0x0;60;-1;1,8;0,06;1;1710,1;640x360;108,52;25,00;2713;400;G3 3500 (Dell Inc.);""
16.32;;0x0;60;-1;0,0;0,06;1;1710,1;640x360;108,52;25,00;2713;408;G3 3500 (Dell Inc.);"[16,00-18,49:2,49s]"
17.32;;0x0;60;-1;0,0;0,06;1;1710,1;640x360;108,52;25,00;2713;433;G3 3500 (Dell Inc.);""
18.32;;0x0;60;-1;0,0;0,06;1;1710,1;640x360;108,52;25,00;2713;458;G3 3500 (Dell Inc.);""
19.32;;0x0;60;-1;0,0;0,06;1;1710,1;640x360;108,52;25,00;2713;483;G3 3500 (Dell Inc.);""
20.32;;0x0;60;-1;0,0;0,06;1;1710,1;640x360;108,52;25,00;2713;508;G3 3500 (Dell Inc.);""
21.32;;0x0;60;-1;0,0;0,06;1;1710,1;640x360;108,52;25,00;2713;533;G3 3500 (Dell Inc.);""
22.32;;0x0;60;-1;0,0;0,06;1;1710,1;640x360;108,52;25,00;2713;558;G3 3500 (Dell Inc.);""
23.32;;0x0;60;-1;0,0;0,06;1;1710,1;640x360;108,52;25,00;2713;583;G3 3500 (Dell Inc.);""
24.32;;0x0;60;-1;0,0;0,06;1;1710,1;640x360;108,52;25,00;2713;608;G3 3500 (Dell Inc.);""
25.32;;0x0;60;-1;0,0;0,06;1;1710,1;640x360;108,52;25,00;2713;633;G3 3500 (Dell Inc.);""
26.32;;0x0;60;-1;0,0;0,06;1;1710,1;640x360;108,52;25,00;2713;658;G3 3500 (Dell Inc.);""
27.32;;0x0;60;-1;0,0;0,06;1;1710,1;640x360;108,52;25,00;2713;683;G3 3500 (Dell Inc.);""
28.00;;0x0;60;-1;0,3;0,06;1;1710,1;640x360;108,52;25,00;2713;700;G3 3500 (Dell Inc.);""
28.00;;0x0;60;-1;1,3;0,06;1;1710,1;640x360;108,52;25,00;2713;700;G3 3500 (Dell Inc.);""
28.00;;0x0;60;-1;2,3;0,06;1;1710,1;640x360;108,52;25,00;2713;700;G3 3500 (Dell Inc.);""
28.00;;0x0;60;-1;3,3;0,06;1;1710,1;640x360;108,52;25,00;2713;700;G3 3500 (Dell Inc.);""
28.40;;0x0;60;-1;0,0;0,06;1;1710,1;640x360;108,52;25,00;2713;710;G3 3500 (Dell Inc.);"[28,00-31,92:3,92s]"
29.44;;0x0;60;-1;0,0;0,06;1;1710,1;640x360;108,52;25,00;2713;736;G3 3500 (Dell Inc.);""
30.44;;0x0;60;-1;0,0;0,06;1;1710,1;640x360;108,52;25,00;2713;761;G3 3500 (Dell Inc.);""
31.44;;0x0;60;-1;0,0;0,06;1;1710,1;640x360;108,52;25,00;2713;786;G3 3500 (Dell Inc.);""
32.44;;0x0;60;-1;0,0;0,06;1;1710,1;640x360;108,52;25,00;2713;811;G3 3500 (Dell Inc.);""
33.44;;0x0;60;-1;0,0;0,06;1;1710,1;640x360;108,52;25,00;2713;836;G3 3500 (Dell Inc.);""
34.40;;0x0;60;-1;0,0;0,06;1;1710,1;640x360;108,52;25,00;2713;860;G3 3500 (Dell Inc.);""
35.40;;0x0;60;-1;0,0;0,06;1;1710,1;640x360;108,52;25,00;2713;885;G3 3500 (Dell Inc.);""
35.84;;0x0;60;-1;0,6;0,06;1;1710,1;640x360;108,52;25,00;2713;896;G3 3500 (Dell Inc.);""
35.84;;0x0;60;-1;1,6;0,06;1;1710,1;640x360;108,52;25,00;2713;896;G3 3500 (Dell Inc.);""
35.84;;0x0;60;-1;2,6;0,06;1;1710,1;640x360;108,52;25,00;2713;896;G3 3500 (Dell Inc.);""
36.84;;0x0;60;-1;0,0;0,06;1;1710,1;640x360;108,52;25,00;2713;921;G3 3500 (Dell Inc.);"[35,84-38,45:2,61s]"
37.84;;0x0;60;-1;0,0;0,06;1;1710,1;640x360;108,52;25,00;2713;946;G3 3500 (Dell Inc.);""
38.84;;0x0;60;-1;0,0;0,06;1;1710,1;640x360;108,52;25,00;2713;971;G3 3500 (Dell Inc.);""
39.84;;0x0;60;-1;0,0;0,06;1;1710,1;640x360;108,52;25,00;2713;996;G3 3500 (Dell Inc.);""
40.84;;0x0;60;-1;0,0;0,06;1;1710,1;640x360;108,52;25,00;2713;1021;G3 3500 (Dell Inc.);""
41.84;;0x0;60;-1;0,0;0,06;1;1710,1;640x360;108,52;25,00;2713;1046;G3 3500 (Dell Inc.);""
42.84;;0x0;60;-1;0,0;0,06;1;1710,1;640x360;108,52;25,00;2713;1071;G3 3500 (Dell Inc.);""
43.84;;0x0;60;-1;0,0;0,06;1;1710,1;640x360;108,52;25,00;2713;1096;G3 3500 (Dell Inc.);""
44.84;;0x0;60;-1;0,0;0,06;1;1710,1;640x360;108,52;25,00;2713;1121;G3 3500 (Dell Inc.);""
45.84;;0x0;60;-1;0,0;0,06;1;1710,1;640x360;108,52;25,00;2713;1146;G3 3500 (Dell Inc.);""
46.16;;0x0;60;-1;0,7;0,06;1;1710,1;640x360;108,52;25,00;2713;1154;G3 3500 (Dell Inc.);""
46.16;;0x0;60;-1;1,7;0,06;1;1710,1;640x360;108,52;25,00;2713;1154;G3 3500 (Dell Inc.);""
46.80;;0x0;60;-1;0,0;0,06;1;1710,1;640x360;108,52;25,00;2713;1170;G3 3500 (Dell Inc.);"[46,16-48,23:2,07s]"
47.80;;0x0;60;-1;0,0;0,06;1;1710,1;640x360;108,52;25,00;2713;1195;G3 3500 (Dell Inc.);""
48.80;;0x0;60;-1;0,0;0,06;1;1710,1;640x360;108,52;25,00;2713;1220;G3 3500 (Dell Inc.);""
49.80;;0x0;60;-1;0,0;0,06;1;1710,1;640x360;108,52;25,00;2713;1245;G3 3500 (Dell Inc.);""
50.80;;0x0;60;-1;0,0;0,06;1;1710,1;640x360;108,52;25,00;2713;1270;G3 3500 (Dell Inc.);""
51.80;;0x0;60;-1;0,0;0,06;1;1710,1;640x360;108,52;25,00;2713;1295;G3 3500 (Dell Inc.);""
52.80;;0x0;60;-1;0,0;0,06;1;1710,1;640x360;108,52;25,00;2713;1320;G3 3500 (Dell Inc.);""
53.80;;0x0;60;-1;0,0;0,06;1;1710,1;640x360;108,52;25,00;2713;1345;G3 3500 (Dell Inc.);""
54.80;;0x0;60;-1;0,0;0,06;1;1710,1;640x360;108,52;25,00;2713;1370;G3 3500 (Dell Inc.);""
55.80;;0x0;60;-1;0,0;0,06;1;1710,1;640x360;108,52;25,00;2713;1395;G3 3500 (Dell Inc.);""
55.88;;0x0;60;-1;0,9;0,06;1;1710,1;640x360;108,52;25,00;2713;1397;G3 3500 (Dell Inc.);""
55.88;;0x0;60;-1;1,9;0,06;1;1710,1;640x360;108,52;25,00;2713;1397;G3 3500 (Dell Inc.);""
55.88;;0x0;60;-1;2,9;0,06;1;1710,1;640x360;108,52;25,00;2713;1397;G3 3500 (Dell Inc.);""
56.72;;0x0;60;-1;0,0;0,06;1;1710,1;640x360;108,52;25,00;2713;1418;G3 3500 (Dell Inc.);"[55,88-59,02:3,14s]"
57.72;;0x0;60;-1;0,0;0,06;1;1710,1;640x360;108,52;25,00;2713;1443;G3 3500 (Dell Inc.);""
58.72;;0x0;60;-1;0,0;0,06;1;1710,1;640x360;108,52;25,00;2713;1468;G3 3500 (Dell Inc.);""
59.72;;0x0;60;-1;0,0;0,06;1;1710,1;640x360;108,52;25,00;2713;1493;G3 3500 (Dell Inc.);""
60.72;;0x0;60;-1;0,0;0,06;1;1710,1;640x360;108,52;25,00;2713;1518;G3 3500 (Dell Inc.);""
61.72;;0x0;60;-1;0,0;0,06;1;1710,1;640x360;108,52;25,00;2713;1543;G3 3500 (Dell Inc.);""
62.72;;0x0;60;-1;0,0;0,06;1;1710,1;640x360;108,52;25,00;2713;1568;G3 3500 (Dell Inc.);""
63.72;;0x0;60;-1;0,0;0,06;1;1710,1;640x360;108,52;25,00;2713;1593;G3 3500 (Dell Inc.);""
64.20;;0x0;60;-1;0,5;0,06;1;1710,1;640x360;108,52;25,00;2713;1605;G3 3500 (Dell Inc.);""
64.20;;0x0;60;-1;1,5;0,06;1;1710,1;640x360;108,52;25,00;2713;1605;G3 3500 (Dell Inc.);""
64.40;;0x0;60;-1;0,0;0,06;1;1710,1;640x360;108,52;25,00;2713;1610;G3 3500 (Dell Inc.);"[64,20-66,56:2,36s]"
65.40;;0x0;60;-1;0,0;0,06;1;1710,1;640x360;108,52;25,00;2713;1635;G3 3500 (Dell Inc.);""
66.36;;0x0;60;-1;0,0;0,06;1;1710,1;640x360;108,52;25,00;2713;1659;G3 3500 (Dell Inc.);""
67.36;;0x0;60;-1;0,0;0,06;1;1710,1;640x360;108,52;25,00;2713;1684;G3 3500 (Dell Inc.);""
68.40;;0x0;60;-1;0,0;0,06;1;1710,1;640x360;108,52;25,00;2713;1710;G3 3500 (Dell Inc.);""
69.40;;0x0;60;-1;0,0;0,06;1;1710,1;640x360;108,52;25,00;2713;1735;G3 3500 (Dell Inc.);""
69.56;;0x0;60;-1;0,8;0,06;1;1710,1;640x360;108,52;25,00;2713;1739;G3 3500 (Dell Inc.);""
69.56;;0x0;60;-1;1,8;0,06;1;1710,1;640x360;108,52;25,00;2713;1739;G3 3500 (Dell Inc.);""
69.56;;0x0;60;-1;2,8;0,06;1;1710,1;640x360;108,52;25,00;2713;1739;G3 3500 (Dell Inc.);""
69.88;;0x0;60;-1;0,0;0,06;1;1710,1;640x360;108,52;25,00;2713;1747;G3 3500 (Dell Inc.);"[69,56-73,12:3,56s]"
70.84;;0x0;60;-1;0,0;0,06;1;1710,1;640x360;108,52;25,00;2713;1771;G3 3500 (Dell Inc.);""
71.88;;0x0;60;-1;0,0;0,06;1;1710,1;640x360;108,52;25,00;2713;1797;G3 3500 (Dell Inc.);""
72.88;;0x0;60;-1;0,0;0,06;1;1710,1;640x360;108,52;25,00;2713;1822;G3 3500 (Dell Inc.);""
73.84;;0x0;60;-1;0,0;0,06;1;1710,1;640x360;108,52;25,00;2713;1846;G3 3500 (Dell Inc.);""
74.84;;0x0;60;-1;0,0;0,06;1;1710,1;640x360;108,52;25,00;2713;1871;G3 3500 (Dell Inc.);""
75.84;;0x0;60;-1;0,0;0,06;1;1710,1;640x360;108,52;25,00;2713;1896;G3 3500 (Dell Inc.);""
76.52;;0x0;60;-1;0,4;0,06;1;1710,1;640x360;108,52;25,00;2713;1913;G3 3500 (Dell Inc.);""
76.52;;0x0;60;-1;1,4;0,06;1;1710,1;640x360;108,52;25,00;2713;1913;G3 3500 (Dell Inc.);""
76.52;;0x0;60;-1;2,4;0,06;1;1710,1;640x360;108,52;25,00;2713;1913;G3 3500 (Dell Inc.);""
76.52;;0x0;60;-1;3,4;0,06;1;1710,1;640x360;108,52;25,00;2713;1913;G3 3500 (Dell Inc.);""
77.08;;0x0;60;-1;0,0;0,06;1;1710,1;640x360;108,52;25,00;2713;1927;G3 3500 (Dell Inc.);"[76,52-80,32:3,80s]"
78.08;;0x0;60;-1;0,0;0,06;1;1710,1;640x360;108,52;25,00;2713;1952;G3 3500 (Dell Inc.);""
79.08;;0x0;60;-1;0,0;0,06;1;1710,1;640x360;108,52;25,00;2713;1977;G3 3500 (Dell Inc.);""
80.08;;0x0;60;-1;0,0;0,06;1;1710,1;640x360;108,52;25,00;2713;2002;G3 3500 (Dell Inc.);""
81.08;;0x0;60;-1;0,0;0,06;1;1710,1;640x360;108,52;25,00;2713;2027;G3 3500 (Dell Inc.);""
81.72;;0x0;60;-1;0,4;0,06;1;1710,1;640x360;108,52;25,00;2713;2043;G3 3500 (Dell Inc.);""
81.72;;0x0;60;-1;1,4;0,06;1;1710,1;640x360;108,52;25,00;2713;2043;G3 3500 (Dell Inc.);""
81.72;;0x0;60;-1;2,4;0,06;1;1710,1;640x360;108,52;25,00;2713;2043;G3 3500 (Dell Inc.);""
82.48;;0x0;60;-1;0,0;0,06;1;1710,1;640x360;108,52;25,00;2713;2062;G3 3500 (Dell Inc.);"[81,72-84,36:2,64s]"
83.48;;0x0;60;-1;0,0;0,06;1;1710,1;640x360;108,52;25,00;2713;2087;G3 3500 (Dell Inc.);""
84.48;;0x0;60;-1;0,0;0,06;1;1710,1;640x360;108,52;25,00;2713;2112;G3 3500 (Dell Inc.);""
85.48;;0x0;60;-1;0,0;0,06;1;1710,1;640x360;108,52;25,00;2713;2137;G3 3500 (Dell Inc.);""
86.48;;0x0;60;-1;0,0;0,06;1;1710,1;640x360;108,52;25,00;2713;2162;G3 3500 (Dell Inc.);""
87.48;;0x0;60;-1;0,0;0,06;1;1710,1;640x360;108,52;25,00;2713;2187;G3 3500 (Dell Inc.);""
88.48;;0x0;60;-1;0,0;0,06;1;1710,1;640x360;108,52;25,00;2713;2212;G3 3500 (Dell Inc.);""
89.48;;0x0;60;-1;0,0;0,06;1;1710,1;640x360;108,52;25,00;2713;2237;G3 3500 (Dell Inc.);""
90.32;;0x0;60;-1;0,2;0,06;1;1710,1;640x360;108,52;25,00;2713;2258;G3 3500 (Dell Inc.);""
90.32;;0x0;60;-1;1,2;0,06;1;1710,1;640x360;108,52;25,00;2713;2258;G3 3500 (Dell Inc.);""
90.32;;0x0;60;-1;2,2;0,06;1;1710,1;640x360;108,52;25,00;2713;2258;G3 3500 (Dell Inc.);""
90.40;;0x0;60;-1;0,0;0,06;1;1710,1;640x360;108,52;25,00;2713;2260;G3 3500 (Dell Inc.);"[90,32-93,43:3,11s]"
91.40;;0x0;60;-1;0,0;0,06;1;1710,1;640x360;108,52;25,00;2713;2285;G3 3500 (Dell Inc.);""
92.40;;0x0;60;-1;0,0;0,06;1;1710,1;640x360;108,52;25,00;2713;2310;G3 3500 (Dell Inc.);""
93.40;;0x0;60;-1;0,0;0,06;1;1710,1;640x360;108,52;25,00;2713;2335;G3 3500 (Dell Inc.);""
94.40;;0x0;60;-1;0,0;0,06;1;1710,1;640x360;108,52;25,00;2713;2360;G3 3500 (Dell Inc.);""
95.40;;0x0;60;-1;0,0;0,06;1;1710,1;640x360;108,52;25,00;2713;2385;G3 3500 (Dell Inc.);""
96.40;;0x0;60;-1;0,0;0,06;1;1710,1;640x360;108,52;25,00;2713;2410;G3 3500 (Dell Inc.);""
97.40;;0x0;60;-1;0,0;0,06;1;1710,1;640x360;108,52;25,00;2713;2435;G3 3500 (Dell Inc.);""
98.40;;0x0;60;-1;0,0;0,06;1;1710,1;640x360;108,52;25,00;2713;2460;G3 3500 (Dell Inc.);""
99.40;;0x0;60;-1;0,0;0,06;1;1710,1;640x360;108,52;25,00;2713;2485;G3 3500 (Dell Inc.);""
100.40;;0x0;60;-1;0,0;0,06;1;1710,1;640x360;108,52;25,00;2713;2510;G3 3500 (Dell Inc.);""
101.40;;0x0;60;-1;0,0;0,06;1;1710,1;640x360;108,52;25,00;2713;2535;G3 3500 (Dell Inc.);""
102.20;;0x0;60;-1;0,2;0,06;1;1710,1;640x360;108,52;25,00;2713;2555;G3 3500 (Dell Inc.);""
102.20;;0x0;60;-1;1,2;0,06;1;1710,1;640x360;108,52;25,00;2713;2555;G3 3500 (Dell Inc.);""
102.20;;0x0;60;-1;2,2;0,06;1;1710,1;640x360;108,52;25,00;2713;2555;G3 3500 (Dell Inc.);""
102.40;;0x0;60;-1;0,0;0,06;1;1710,1;640x360;108,52;25,00;2713;2560;G3 3500 (Dell Inc.);"[102,20-105,25:3,05s]"
103.40;;0x0;60;-1;0,0;0,06;1;1710,1;640x360;108,52;25,00;2713;2585;G3 3500 (Dell Inc.);""
104.40;;0x0;60;-1;0,0;0,06;1;1710,1;640x360;108,52;25,00;2713;2610;G3 3500 (Dell Inc.);""
105.40;;0x0;60;-1;0,0;0,06;1;1710,1;640x360;108,52;25,00;2713;2635;G3 3500 (Dell Inc.);""
106.40;;0x0;60;-1;0,0;0,06;1;1710,1;640x360;108,52;25,00;2713;2660;G3 3500 (Dell Inc.);""
107.40;;0x0;60;-1;0,0;0,06;1;1710,1;640x360;108,52;25,00;2713;2685;G3 3500 (Dell Inc.);""
108.40;;0x0;60;-1;0,0;0,06;1;1710,1;640x360;108,48;25,00;2712;2710;G3 3500 (Dell Inc.);""
108.44;;0x0;60;-1;0,2;0,06;1;1710,1;640x360;108,48;25,00;2712;2711;G3 3500 (Dell Inc.);""
108.44;;0x0;60;-1;1,2;0,06;1;1710,1;640x360;108,48;25,00;2712;2711;G3 3500 (Dell Inc.);""
108.44;;0x0;60;-1;2,2;0,06;1;1710,1;640x360;108,48;25,00;2712;2711;G3 3500 (Dell Inc.);""
108.44;;0x0;60;-1;3,2;0,06;1;1710,1;640x360;108,48;25,00;2712;2711;G3 3500 (Dell Inc.);""
0.60;;0x0;60;-1;0,0;0,06;2;1710,1;640x360;108,48;25,00;2712;15;G3 3500 (Dell Inc.);"[108,44-112,05:3,61s]"
1.60;;0x0;60;-1;0,0;0,06;2;1710,1;640x360;108,48;25,00;2712;40;G3 3500 (Dell Inc.);""
2.60;;0x0;60;-1;0,0;0,06;2;1710,1;640x360;108,48;25,00;2712;65;G3 3500 (Dell Inc.);""
3.60;;0x0;60;-1;0,0;0,06;2;1710,1;640x360;108,48;25,00;2712;90;G3 3500 (Dell Inc.);""
4.60;;0x0;60;-1;0,0;0,06;2;1710,1;640x360;108,48;25,00;2712;115;G3 3500 (Dell Inc.);""
5.60;;0x0;60;-1;0,0;0,06;2;1710,1;640x360;108,48;25,00;2712;140;G3 3500 (Dell Inc.);""
6.60;;0x0;60;-1;0,0;0,06;2;1710,1;640x360;108,48;25,00;2712;165;G3 3500 (Dell Inc.);""
7.60;;0x0;60;-1;0,0;0,06;2;1710,1;640x360;108,48;25,00;2712;190;G3 3500 (Dell Inc.);""
8.60;;0x0;60;-1;0,0;0,06;2;1710,1;640x360;108,48;25,00;2712;215;G3 3500 (Dell Inc.);""
9.60;;0x0;60;-1;0,0;0,06;2;1710,1;640x360;108,48;25,00;2712;240;G3 3500 (Dell Inc.);""
10.60;;0x0;60;-1;0,0;0,06;2;1710,1;640x360;108,48;25,00;2712;265;G3 3500 (Dell Inc.);""
11.24;;0x0;60;-1;0,4;0,06;2;1710,1;640x360;108,48;25,00;2712;281;G3 3500 (Dell Inc.);""
11.24;;0x0;60;-1;1,4;0,06;2;1710,1;640x360;108,48;25,00;2712;281;G3 3500 (Dell Inc.);""
11.24;;0x0;60;-1;2,4;0,06;2;1710,1;640x360;108,48;25,00;2712;281;G3 3500 (Dell Inc.);""
11.36;;0x0;60;-1;0,0;0,06;2;1710,1;640x360;108,48;25,00;2712;284;G3 3500 (Dell Inc.);"[11,24-14,52:3,28s]"
12.36;;0x0;60;-1;0,0;0,06;2;1710,1;640x360;108,48;25,00;2712;309;G3 3500 (Dell Inc.);""
13.36;;0x0;60;-1;0,0;0,06;2;1710,1;640x360;108,48;25,00;2712;334;G3 3500 (Dell Inc.);""
14.36;;0x0;60;-1;0,0;0,06;2;1710,1;640x360;108,48;25,00;2712;359;G3 3500 (Dell Inc.);""
15.36;;0x0;60;-1;0,0;0,06;2;1710,1;640x360;108,48;25,00;2712;384;G3 3500 (Dell Inc.);""
16.36;;0x0;60;-1;0,0;0,06;2;1710,1;640x360;108,48;25,00;2712;409;G3 3500 (Dell Inc.);""
17.36;;0x0;60;-1;0,0;0,06;2;1710,1;640x360;108,48;25,00;2712;434;G3 3500 (Dell Inc.);""
18.36;;0x0;60;-1;0,0;0,06;2;1710,1;640x360;108,48;25,00;2712;459;G3 3500 (Dell Inc.);""
19.36;;0x0;60;-1;0,0;0,06;2;1710,1;640x360;108,48;25,00;2712;484;G3 3500 (Dell Inc.);""
20.36;;0x0;60;-1;0,0;0,06;2;1710,1;640x360;108,48;25,00;2712;509;G3 3500 (Dell Inc.);""
21.36;;0x0;60;-1;0,0;0,06;2;1710,1;640x360;108,48;25,00;2712;534;G3 3500 (Dell Inc.);""
22.36;;0x0;60;-1;0,0;0,06;2;1710,1;640x360;108,48;25,00;2712;559;G3 3500 (Dell Inc.);""
23.36;;0x0;60;-1;0,0;0,06;2;1710,1;640x360;108,48;25,00;2712;584;G3 3500 (Dell Inc.);""
24.36;;0x0;60;-1;0,0;0,06;2;1710,1;640x360;108,48;25,00;2712;609;G3 3500 (Dell Inc.);""
25.04;;0x0;60;-1;0,3;0,06;2;1710,1;640x360;108,48;25,00;2712;626;G3 3500 (Dell Inc.);""
25.04;;0x0;60;-1;1,3;0,06;2;1710,1;640x360;108,48;25,00;2712;626;G3 3500 (Dell Inc.);""
25.04;;0x0;60;-1;2,3;0,06;2;1710,1;640x360;108,48;25,00;2712;626;G3 3500 (Dell Inc.);""
25.04;;0x0;60;-1;3,3;0,06;2;1710,1;640x360;108,48;25,00;2712;626;G3 3500 (Dell Inc.);""
25.60;;0x0;60;-1;0,0;0,06;2;1710,1;640x360;108,48;25,00;2712;640;G3 3500 (Dell Inc.);"[25,04-28,83:3,79s]"
26.60;;0x0;60;-1;0,0;0,06;2;1710,1;640x360;108,48;25,00;2712;665;G3 3500 (Dell Inc.);""
27.60;;0x0;60;-1;0,0;0,06;2;1710,1;640x360;108,48;25,00;2712;690;G3 3500 (Dell Inc.);""
28.60;;0x0;60;-1;0,0;0,06;2;1710,1;640x360;108,48;25,00;2712;715;G3 3500 (Dell Inc.);""
29.60;;0x0;60;-1;0,0;0,06;2;1710,1;640x360;108,48;25,00;2712;740;G3 3500 (Dell Inc.);""
30.60;;0x0;60;-1;0,0;0,06;2;1710,1;640x360;108,48;25,00;2712;765;G3 3500 (Dell Inc.);""
30.92;;0x0;60;-1;0,7;0,06;2;1710,1;640x360;108,48;25,00;2712;773;G3 3500 (Dell Inc.);""
30.92;;0x0;60;-1;1,7;0,06;2;1710,1;640x360;108,48;25,00;2712;773;G3 3500 (Dell Inc.);""
31.16;;0x0;60;-1;0,0;0,06;2;1710,1;640x360;108,48;25,00;2712;779;G3 3500 (Dell Inc.);"[30,92-33,42:2,50s]"
32.16;;0x0;60;-1;0,0;0,06;2;1710,1;640x360;108,48;25,00;2712;804;G3 3500 (Dell Inc.);""
33.16;;0x0;60;-1;0,0;0,06;2;1710,1;640x360;108,48;25,00;2712;829;G3 3500 (Dell Inc.);""
34.16;;0x0;60;-1;0,0;0,06;2;1710,1;640x360;108,48;25,00;2712;854;G3 3500 (Dell Inc.);""
35.16;;0x0;60;-1;0,0;0,06;2;1710,1;640x360;108,48;25,00;2712;879;G3 3500 (Dell Inc.);""
36.16;;0x0;60;-1;0,0;0,06;2;1710,1;640x360;108,48;25,00;2712;904;G3 3500 (Dell Inc.);""
37.16;;0x0;60;-1;0,0;0,06;2;1710,1;640x360;108,48;25,00;2712;929;G3 3500 (Dell Inc.);""
38.16;;0x0;60;-1;0,0;0,06;2;1710,1;640x360;108,48;25,00;2712;954;G3 3500 (Dell Inc.);""
39.16;;0x0;60;-1;0,0;0,06;2;1710,1;640x360;108,48;25,00;2712;979;G3 3500 (Dell Inc.);""
40.16;;0x0;60;-1;0,0;0,06;2;1710,1;640x360;108,48;25,00;2712;1004;G3 3500 (Dell Inc.);""
41.16;;0x0;60;-1;0,0;0,06;2;1710,1;640x360;108,48;25,00;2712;1029;G3 3500 (Dell Inc.);""
42.16;;0x0;60;-1;0,0;0,06;2;1710,1;640x360;108,48;25,00;2712;1054;G3 3500 (Dell Inc.);""
43.16;;0x0;60;-1;0,0;0,06;2;1710,1;640x360;108,48;25,00;2712;1079;G3 3500 (Dell Inc.);""
43.36;;0x0;60;-1;0,8;0,06;2;1710,1;640x360;108,48;25,00;2712;1084;G3 3500 (Dell Inc.);""
43.36;;0x0;60;-1;1,8;0,06;2;1710,1;640x360;108,48;25,00;2712;1084;G3 3500 (Dell Inc.);""
43.36;;0x0;60;-1;2,8;0,06;2;1710,1;640x360;108,48;25,00;2712;1084;G3 3500 (Dell Inc.);""
43.76;;0x0;60;-1;0,0;0,06;2;1710,1;640x360;108,48;25,00;2712;1094;G3 3500 (Dell Inc.);"[43,36-46,81:3,45s]"
44.72;;0x0;60;-1;0,0;0,06;2;1710,1;640x360;108,48;25,00;2712;1118;G3 3500 (Dell Inc.);""
45.72;;0x0;60;-1;0,0;0,06;2;1710,1;640x360;108,48;25,00;2712;1143;G3 3500 (Dell Inc.);""
46.72;;0x0;60;-1;0,0;0,06;2;1710,1;640x360;108,48;25,00;2712;1168;G3 3500 (Dell Inc.);""
47.72;;0x0;60;-1;0,0;0,06;2;1710,1;640x360;108,48;25,00;2712;1193;G3 3500 (Dell Inc.);""
48.72;;0x0;60;-1;0,0;0,06;2;1710,1;640x360;108,48;25,00;2712;1218;G3 3500 (Dell Inc.);""
49.72;;0x0;60;-1;0,0;0,06;2;1710,1;640x360;108,48;25,00;2712;1243;G3 3500 (Dell Inc.);""
50.72;;0x0;60;-1;0,0;0,06;2;1710,1;640x360;108,48;25,00;2712;1268;G3 3500 (Dell Inc.);""
51.72;;0x0;60;-1;0,0;0,06;2;1710,1;640x360;108,48;25,00;2712;1293;G3 3500 (Dell Inc.);""
52.72;;0x0;60;-1;0,0;0,06;2;1710,1;640x360;108,48;25,00;2712;1318;G3 3500 (Dell Inc.);""
53.32;;0x0;60;-1;0,4;0,06;2;1710,1;640x360;108,48;25,00;2712;1333;G3 3500 (Dell Inc.);""
53.32;;0x0;60;-1;1,4;0,06;2;1710,1;640x360;108,48;25,00;2712;1333;G3 3500 (Dell Inc.);""
53.32;;0x0;60;-1;2,4;0,06;2;1710,1;640x360;108,48;25,00;2712;1333;G3 3500 (Dell Inc.);""
53.32;;0x0;60;-1;3,4;0,06;2;1710,1;640x360;108,48;25,00;2712;1333;G3 3500 (Dell Inc.);""
54.12;;0x0;60;-1;0,0;0,06;2;1710,1;640x360;108,48;25,00;2712;1353;G3 3500 (Dell Inc.);"[53,32-56,98:3,66s]"
55.12;;0x0;60;-1;0,0;0,06;2;1710,1;640x360;108,48;25,00;2712;1378;G3 3500 (Dell Inc.);""
56.12;;0x0;60;-1;0,0;0,06;2;1710,1;640x360;108,48;25,00;2712;1403;G3 3500 (Dell Inc.);""
57.12;;0x0;60;-1;0,0;0,06;2;1710,1;640x360;108,48;25,00;2712;1428;G3 3500 (Dell Inc.);""
58.12;;0x0;60;-1;0,0;0,06;2;1710,1;640x360;108,48;25,00;2712;1453;G3 3500 (Dell Inc.);""
59.12;;0x0;60;-1;0,0;0,06;2;1710,1;640x360;108,48;25,00;2712;1478;G3 3500 (Dell Inc.);""
60.12;;0x0;60;-1;0,0;0,06;2;1710,1;640x360;108,48;25,00;2712;1503;G3 3500 (Dell Inc.);""
60.36;;0x0;60;-1;0,8;0,06;2;1710,1;640x360;108,48;25,00;2712;1509;G3 3500 (Dell Inc.);""
60.36;;0x0;60;-1;1,8;0,06;2;1710,1;640x360;108,48;25,00;2712;1509;G3 3500 (Dell Inc.);""
60.52;;0x0;60;-1;0,0;0,06;2;1710,1;640x360;108,48;25,00;2712;1513;G3 3500 (Dell Inc.);"[60,36-62,97:2,61s]"
61.52;;0x0;60;-1;0,0;0,06;2;1710,1;640x360;108,48;25,00;2712;1538;G3 3500 (Dell Inc.);""
62.56;;0x0;60;-1;0,0;0,06;2;1710,1;640x360;108,48;25,00;2712;1564;G3 3500 (Dell Inc.);""
63.52;;0x0;60;-1;0,0;0,06;2;1710,1;640x360;108,48;25,00;2712;1588;G3 3500 (Dell Inc.);""
64.52;;0x0;60;-1;0,0;0,06;2;1710,1;640x360;108,48;25,00;2712;1613;G3 3500 (Dell Inc.);""
65.52;;0x0;60;-1;0,0;0,06;2;1710,1;640x360;108,48;25,00;2712;1638;G3 3500 (Dell Inc.);""
66.52;;0x0;60;-1;0,0;0,06;2;1710,1;640x360;108,48;25,00;2712;1663;G3 3500 (Dell Inc.);""
67.52;;0x0;60;-1;0,0;0,06;2;1710,1;640x360;108,48;25,00;2712;1688;G3 3500 (Dell Inc.);""
68.44;;0x0;60;-1;0,1;0,06;2;1710,1;640x360;108,48;25,00;2712;1711;G3 3500 (Dell Inc.);""
68.44;;0x0;60;-1;1,1;0,06;2;1710,1;640x360;108,48;25,00;2712;1711;G3 3500 (Dell Inc.);""
68.48;;0x0;60;-1;0,0;0,06;2;1710,1;640x360;108,48;25,00;2712;1712;G3 3500 (Dell Inc.);"[68,44-70,56:2,12s]"
69.48;;0x0;60;-1;0,0;0,06;2;1710,1;640x360;108,48;25,00;2712;1737;G3 3500 (Dell Inc.);""
70.48;;0x0;60;-1;0,0;0,06;2;1710,1;640x360;108,48;25,00;2712;1762;G3 3500 (Dell Inc.);""
71.48;;0x0;60;-1;0,0;0,06;2;1710,1;640x360;108,48;25,00;2712;1787;G3 3500 (Dell Inc.);""
72.48;;0x0;60;-1;0,0;0,06;2;1710,1;640x360;108,48;25,00;2712;1812;G3 3500 (Dell Inc.);""
73.48;;0x0;60;-1;0,0;0,06;2;1710,1;640x360;108,48;25,00;2712;1837;G3 3500 (Dell Inc.);""
74.48;;0x0;60;-1;0,0;0,06;2;1710,1;640x360;108,48;25,00;2712;1862;G3 3500 (Dell Inc.);""
75.44;;0x0;60;-1;0,0;0,06;2;1710,1;640x360;108,48;25,00;2712;1886;G3 3500 (Dell Inc.);""
76.48;;0x0;60;-1;0,0;0,06;2;1710,1;640x360;108,48;25,00;2712;1912;G3 3500 (Dell Inc.);""
77.44;;0x0;60;-1;0,0;0,06;2;1710,1;640x360;108,48;25,00;2712;1936;G3 3500 (Dell Inc.);""
78.44;;0x0;60;-1;0,0;0,06;2;1710,1;640x360;108,48;25,00;2712;1961;G3 3500 (Dell Inc.);""
79.44;;0x0;60;-1;0,0;0,06;2;1710,1;640x360;108,48;25,00;2712;1986;G3 3500 (Dell Inc.);""
80.48;;0x0;60;-1;0,0;0,06;2;1710,1;640x360;108,48;25,00;2712;2012;G3 3500 (Dell Inc.);""
81.44;;0x0;60;-1;0,0;0,06;2;1710,1;640x360;108,48;25,00;2712;2036;G3 3500 (Dell Inc.);""
82.36;;0x0;60;-1;0,1;0,06;2;1710,1;640x360;108,48;25,00;2712;2059;G3 3500 (Dell Inc.);""
82.36;;0x0;60;-1;1,1;0,06;2;1710,1;640x360;108,48;25,00;2712;2059;G3 3500 (Dell Inc.);""
82.40;;0x0;60;-1;0,0;0,06;2;1710,1;640x360;108,48;25,00;2712;2060;G3 3500 (Dell Inc.);"[82,36-84,45:2,09s]"
83.40;;0x0;60;-1;0,0;0,06;2;1710,1;640x360;108,48;25,00;2712;2085;G3 3500 (Dell Inc.);""
84.40;;0x0;60;-1;0,0;0,06;2;1710,1;640x360;108,48;25,00;2712;2110;G3 3500 (Dell Inc.);""
85.40;;0x0;60;-1;0,0;0,06;2;1710,1;640x360;108,48;25,00;2712;2135;G3 3500 (Dell Inc.);""
86.40;;0x0;60;-1;0,0;0,06;2;1710,1;640x360;108,48;25,00;2712;2160;G3 3500 (Dell Inc.);""
87.40;;0x0;60;-1;0,0;0,06;2;1710,1;640x360;108,48;25,00;2712;2185;G3 3500 (Dell Inc.);""
88.40;;0x0;60;-1;0,0;0,06;2;1710,1;640x360;108,48;25,00;2712;2210;G3 3500 (Dell Inc.);""
89.40;;0x0;60;-1;0,0;0,06;2;1710,1;640x360;108,48;25,00;2712;2235;G3 3500 (Dell Inc.);""
90.40;;0x0;60;-1;0,0;0,06;2;1710,1;640x360;108,48;25,00;2712;2260;G3 3500 (Dell Inc.);""
91.40;;0x0;60;-1;0,0;0,06;2;1710,1;640x360;108,48;25,00;2712;2285;G3 3500 (Dell Inc.);""
92.40;;0x0;60;-1;0,0;0,06;2;1710,1;640x360;108,48;25,00;2712;2310;G3 3500 (Dell Inc.);""
93.40;;0x0;60;-1;0,0;0,06;2;1710,1;640x360;108,48;25,00;2712;2335;G3 3500 (Dell Inc.);""
94.40;;0x0;60;-1;0,0;0,06;2;1710,1;640x360;108,48;25,00;2712;2360;G3 3500 (Dell Inc.);""
95.40;;0x0;60;-1;0,0;0,06;2;1710,1;640x360;108,48;25,00;2712;2385;G3 3500 (Dell Inc.);""
96.24;;0x0;60;-1;0,2;0,06;2;1710,1;640x360;108,48;25,00;2712;2406;G3 3500 (Dell Inc.);""
96.24;;0x0;60;-1;1,2;0,06;2;1710,1;640x360;108,48;25,00;2712;2406;G3 3500 (Dell Inc.);""
96.24;;0x0;60;-1;2,2;0,06;2;1710,1;640x360;108,48;25,00;2712;2406;G3 3500 (Dell Inc.);""
96.76;;0x0;60;-1;0,0;0,06;2;1710,1;640x360;108,48;25,00;2712;2419;G3 3500 (Dell Inc.);"[96,24-98,92:2,68s]"
97.76;;0x0;60;-1;0,0;0,06;2;1710,1;640x360;108,48;25,00;2712;2444;G3 3500 (Dell Inc.);""
98.76;;0x0;60;-1;0,0;0,06;2;1710,1;640x360;108,48;25,00;2712;2469;G3 3500 (Dell Inc.);""
99.76;;0x0;60;-1;0,0;0,06;2;1710,1;640x360;108,48;25,00;2712;2494;G3 3500 (Dell Inc.);""
100.76;;0x0;60;-1;0,0;0,06;2;1710,1;640x360;108,48;25,00;2712;2519;G3 3500 (Dell Inc.);""
101.76;;0x0;60;-1;0,0;0,06;2;1710,1;640x360;108,48;25,00;2712;2544;G3 3500 (Dell Inc.);""
102.76;;0x0;60;-1;0,0;0,06;2;1710,1;640x360;108,48;25,00;2712;2569;G3 3500 (Dell Inc.);""
103.76;;0x0;60;-1;0,0;0,06;2;1710,1;640x360;108,48;25,00;2712;2594;G3 3500 (Dell Inc.);""
104.76;;0x0;60;-1;0,0;0,06;2;1710,1;640x360;108,48;25,00;2712;2619;G3 3500 (Dell Inc.);""
105.76;;0x0;60;-1;0,0;0,06;2;1710,1;640x360;108,48;25,00;2712;2644;G3 3500 (Dell Inc.);""
106.76;;0x0;60;-1;0,0;0,06;2;1710,1;640x360;108,48;25,00;2712;2669;G3 3500 (Dell Inc.);""
107.76;;0x0;60;-1;0,0;0,06;2;1710,1;640x360;108,48;25,00;2712;2694;G3 3500 (Dell Inc.);""
108.44;;0x0;60;-1;0,0;0,06;2;1710,1;640x360;108,48;25,00;2712;2711;G3 3500 (Dell Inc.);""
108.44;;0x0;60;-1;0,0;0,06;2;1710,1;640x360;108,48;25,00;2712;2711;G3 3500 (Dell Inc.);""
108.44;;0x0;60;-1;1,0;0,06;2;1710,1;640x360;108,48;25,00;2712;2711;G3 3500 (Dell Inc.);""
108.44;;0x0;60;-1;2,0;0,06;2;1710,1;640x360;108,48;25,00;2712;2711;G3 3500 (Dell Inc.);""
108.44;;0x0;60;-1;3,0;0,06;2;1710,1;640x360;108,48;25,00;2712;2711;G3 3500 (Dell Inc.);""
0.44;;0x0;60;-1;0,0;0,06;3;1710,1;640x360;108,48;25,00;2712;11;G3 3500 (Dell Inc.);"[108,44-112,00:3,56s]"
1.44;;0x0;60;-1;0,0;0,06;3;1710,1;640x360;108,48;25,00;2712;36;G3 3500 (Dell Inc.);""
2.44;;0x0;60;-1;0,0;0,06;3;1710,1;640x360;108,48;25,00;2712;61;G3 3500 (Dell Inc.);""
3.44;;0x0;60;-1;0,0;0,06;3;1710,1;640x360;108,48;25,00;2712;86;G3 3500 (Dell Inc.);""
4.44;;0x0;60;-1;0,0;0,06;3;1710,1;640x360;108,48;25,00;2712;111;G3 3500 (Dell Inc.);""
5.44;;0x0;60;-1;0,0;0,06;3;1710,1;640x360;108,48;25,00;2712;136;G3 3500 (Dell Inc.);""
6.16;;0x0;60;-1;0,3;0,06;3;1710,1;640x360;108,48;25,00;2712;154;G3 3500 (Dell Inc.);""
6.16;;0x0;60;-1;1,3;0,06;3;1710,1;640x360;108,48;25,00;2712;154;G3 3500 (Dell Inc.);""
6.16;;0x0;60;-1;2,3;0,06;3;1710,1;640x360;108,48;25,00;2712;154;G3 3500 (Dell Inc.);""
6.16;;0x0;60;-1;3,3;0,06;3;1710,1;640x360;108,48;25,00;2712;154;G3 3500 (Dell Inc.);""
6.60;;0x0;60;-1;0,0;0,06;3;1710,1;640x360;108,48;25,00;2712;165;G3 3500 (Dell Inc.);"[6,16-10,04:3,88s]"
7.60;;0x0;60;-1;0,0;0,06;3;1710,1;640x360;108,48;25,00;2712;190;G3 3500 (Dell Inc.);""
8.60;;0x0;60;-1;0,0;0,06;3;1710,1;640x360;108,48;25,00;2712;215;G3 3500 (Dell Inc.);""
9.60;;0x0;60;-1;0,0;0,06;3;1710,1;640x360;108,48;25,00;2712;240;G3 3500 (Dell Inc.);""
10.60;;0x0;60;-1;0,0;0,06;3;1710,1;640x360;108,48;25,00;2712;265;G3 3500 (Dell Inc.);""
11.60;;0x0;60;-1;0,0;0,06;3;1710,1;640x360;108,48;25,00;2712;290;G3 3500 (Dell Inc.);""
12.60;;0x0;60;-1;0,0;0,06;3;1710,1;640x360;108,48;25,00;2712;315;G3 3500 (Dell Inc.);""
13.60;;0x0;60;-1;0,0;0,06;3;1710,1;640x360;108,48;25,00;2712;340;G3 3500 (Dell Inc.);""
14.00;;0x0;60;-1;0,6;0,06;3;1710,1;640x360;108,48;25,00;2712;350;G3 3500 (Dell Inc.);""
14.00;;0x0;60;-1;1,6;0,06;3;1710,1;640x360;108,48;25,00;2712;350;G3 3500 (Dell Inc.);""
14.32;;0x0;60;-1;0,0;0,06;3;1710,1;640x360;108,48;25,00;2712;358;G3 3500 (Dell Inc.);"[14,00-16,28:2,28s]"
15.32;;0x0;60;-1;0,0;0,06;3;1710,1;640x360;108,48;25,00;2712;383;G3 3500 (Dell Inc.);""
16.32;;0x0;60;-1;0,0;0,06;3;1710,1;640x360;108,48;25,00;2712;408;G3 3500 (Dell Inc.);""
17.32;;0x0;60;-1;0,0;0,06;3;1710,1;640x360;108,48;25,00;2712;433;G3 3500 (Dell Inc.);""
18.32;;0x0;60;-1;0,0;0,06;3;1710,1;640x360;108,48;25,00;2712;458;G3 3500 (Dell Inc.);""
19.32;;0x0;60;-1;0,0;0,06;3;1710,1;640x360;108,48;25,00;2712;483;G3 3500 (Dell Inc.);""
20.32;;0x0;60;-1;0,0;0,06;3;1710,1;640x360;108,48;25,00;2712;508;G3 3500 (Dell Inc.);""
21.16;;0x0;60;-1;0,2;0,06;3;1710,1;640x360;108,48;25,00;2712;529;G3 3500 (Dell Inc.);""
21.16;;0x0;60;-1;1,2;0,06;3;1710,1;640x360;108,48;25,00;2712;529;G3 3500 (Dell Inc.);""
21.16;;0x0;60;-1;2,2;0,06;3;1710,1;640x360;108,48;25,00;2712;529;G3 3500 (Dell Inc.);""
21.72;;0x0;60;-1;0,0;0,06;3;1710,1;640x360;108,48;25,00;2712;543;G3 3500 (Dell Inc.);"[21,16-23,81:2,65s]"
22.72;;0x0;60;-1;0,0;0,06;3;1710,1;640x360;108,48;25,00;2712;568;G3 3500 (Dell Inc.);""
23.72;;0x0;60;-1;0,0;0,06;3;1710,1;640x360;108,48;25,00;2712;593;G3 3500 (Dell Inc.);""
24.72;;0x0;60;-1;0,0;0,06;3;1710,1;640x360;108,48;25,00;2712;618;G3 3500 (Dell Inc.);""
25.72;;0x0;60;-1;0,0;0,06;3;1710,1;640x360;108,48;25,00;2712;643;G3 3500 (Dell Inc.);""
26.48;;0x0;60;-1;0,3;0,06;3;1710,1;640x360;108,48;25,00;2712;662;G3 3500 (Dell Inc.);""
26.48;;0x0;60;-1;1,3;0,06;3;1710,1;640x360;108,48;25,00;2712;662;G3 3500 (Dell Inc.);""
26.48;;0x0;60;-1;2,3;0,06;3;1710,1;640x360;108,48;25,00;2712;662;G3 3500 (Dell Inc.);""
26.48;;0x0;60;-1;3,3;0,06;3;1710,1;640x360;108,48;25,00;2712;662;G3 3500 (Dell Inc.);""
26.92;;0x0;60;-1;0,0;0,06;3;1710,1;640x360;108,48;25,00;2712;673;G3 3500 (Dell Inc.);"[26,48-30,32:3,84s]"
27.92;;0x0;60;-1;0,0;0,06;3;1710,1;640x360;108,48;25,00;2712;698;G3 3500 (Dell Inc.);""
28.92;;0x0;60;-1;0,0;0,06;3;1710,1;640x360;108,48;25,00;2712;723;G3 3500 (Dell Inc.);""
29.92;;0x0;60;-1;0,0;0,06;3;1710,1;640x360;108,48;25,00;2712;748;G3 3500 (Dell Inc.);""
30.92;;0x0;60;-1;0,0;0,06;3;1710,1;640x360;108,48;25,00;2712;773;G3 3500 (Dell Inc.);""
31.92;;0x0;60;-1;0,0;0,06;3;1710,1;640x360;108,48;25,00;2712;798;G3 3500 (Dell Inc.);""
32.92;;0x0;60;-1;0,0;0,06;3;1710,1;640x360;108,48;25,00;2712;823;G3 3500 (Dell Inc.);""
33.92;;0x0;60;-1;0,0;0,06;3;1710,1;640x360;108,48;25,00;2712;848;G3 3500 (Dell Inc.);""
34.44;;0x0;60;-1;0,5;0,06;3;1710,1;640x360;108,48;25,00;2712;861;G3 3500 (Dell Inc.);""
34.44;;0x0;60;-1;1,5;0,06;3;1710,1;640x360;108,48;25,00;2712;861;G3 3500 (Dell Inc.);""
34.88;;0x0;60;-1;0,0;0,06;3;1710,1;640x360;108,48;25,00;2712;872;G3 3500 (Dell Inc.);"[34,44-36,50:2,06s]"
35.88;;0x0;60;-1;0,0;0,06;3;1710,1;640x360;108,48;25,00;2712;897;G3 3500 (Dell Inc.);""
36.88;;0x0;60;-1;0,0;0,06;3;1710,1;640x360;108,48;25,00;2712;922;G3 3500 (Dell Inc.);""
37.88;;0x0;60;-1;0,0;0,06;3;1710,1;640x360;108,48;25,00;2712;947;G3 3500 (Dell Inc.);""
38.92;;0x0;60;-1;0,0;0,06;3;1710,1;640x360;108,48;25,00;2712;973;G3 3500 (Dell Inc.);""
39.88;;0x0;60;-1;0,0;0,06;3;1710,1;640x360;108,48;25,00;2712;997;G3 3500 (Dell Inc.);""
40.92;;0x0;60;-1;0,0;0,06;3;1710,1;640x360;108,48;25,00;2712;1023;G3 3500 (Dell Inc.);""
41.88;;0x0;60;-1;0,0;0,06;3;1710,1;640x360;108,48;25,00;2712;1047;G3 3500 (Dell Inc.);""
42.92;;0x0;60;-1;0,0;0,06;3;1710,1;640x360;108,48;25,00;2712;1073;G3 3500 (Dell Inc.);""
43.88;;0x0;60;-1;0,0;0,06;3;1710,1;640x360;108,48;25,00;2712;1097;G3 3500 (Dell Inc.);""
44.88;;0x0;60;-1;0,0;0,06;3;1710,1;640x360;108,48;25,00;2712;1122;G3 3500 (Dell Inc.);""
45.88;;0x0;60;-1;0,0;0,06;3;1710,1;640x360;108,48;25,00;2712;1147;G3 3500 (Dell Inc.);""
46.48;;0x0;60;-1;0,4;0,06;3;1710,1;640x360;108,48;25,00;2712;1162;G3 3500 (Dell Inc.);""
46.48;;0x0;60;-1;1,4;0,06;3;1710,1;640x360;108,48;25,00;2712;1162;G3 3500 (Dell Inc.);""
46.48;;0x0;60;-1;2,4;0,06;3;1710,1;640x360;108,48;25,00;2712;1162;G3 3500 (Dell Inc.);""
46.68;;0x0;60;-1;0,0;0,06;3;1710,1;640x360;108,48;25,00;2712;1167;G3 3500 (Dell Inc.);"[46,48-49,75:3,27s]"
47.68;;0x0;60;-1;0,0;0,06;3;1710,1;640x360;108,48;25,00;2712;1192;G3 3500 (Dell Inc.);""
48.64;;0x0;60;-1;0,0;0,06;3;1710,1;640x360;108,48;25,00;2712;1216;G3 3500 (Dell Inc.);""
49.64;;0x0;60;-1;0,0;0,06;3;1710,1;640x360;108,48;25,00;2712;1241;G3 3500 (Dell Inc.);""
50.64;;0x0;60;-1;0,0;0,06;3;1710,1;640x360;108,48;25,00;2712;1266;G3 3500 (Dell Inc.);""
51.68;;0x0;60;-1;0,0;0,06;3;1710,1;640x360;108,48;25,00;2712;1292;G3 3500 (Dell Inc.);""
52.64;;0x0;60;-1;0,0;0,06;3;1710,1;640x360;108,48;25,00;2712;1316;G3 3500 (Dell Inc.);""
53.64;;0x0;60;-1;0,0;0,06;3;1710,1;640x360;108,48;25,00;2712;1341;G3 3500 (Dell Inc.);""
54.64;;0x0;60;-1;0,0;0,06;3;1710,1;640x360;108,48;25,00;2712;1366;G3 3500 (Dell Inc.);""
55.68;;0x0;60;-1;0,0;0,06;3;1710,1;640x360;108,48;25,00;2712;1392;G3 3500 (Dell Inc.);""
56.64;;0x0;60;-1;0,0;0,06;3;1710,1;640x360;108,48;25,00;2712;1416;G3 3500 (Dell Inc.);""
57.64;;0x0;60;-1;0,0;0,06;3;1710,1;640x360;108,48;25,00;2712;1441;G3 3500 (Dell Inc.);""
58.64;;0x0;60;-1;0,0;0,06;3;1710,1;640x360;108,48;25,00;2712;1466;G3 3500 (Dell Inc.);""
59.64;;0x0;60;-1;0,0;0,06;3;1710,1;640x360;108,48;25,00;2712;1491;G3 3500 (Dell Inc.);""
60.20;;0x0;60;-1;0,5;0,06;3;1710,1;640x360;108,48;25,00;2712;1505;G3 3500 (Dell Inc.);""
60.20;;0x0;60;-1;1,5;0,06;3;1710,1;640x360;108,48;25,00;2712;1505;G3 3500 (Dell Inc.);""
60.20;;0x0;60;-1;2,5;0,06;3;1710,1;640x360;108,48;25,00;2712;1505;G3 3500 (Dell Inc.);""
60.68;;0x0;60;-1;0,0;0,06;3;1710,1;640x360;108,48;25,00;2712;1517;G3 3500 (Dell Inc.);"[60,20-63,20:3,00s]"
61.68;;0x0;60;-1;0,0;0,06;3;1710,1;640x360;108,48;25,00;2712;1542;G3 3500 (Dell Inc.);""
62.68;;0x0;60;-1;0,0;0,06;3;1710,1;640x360;108,48;25,00;2712;1567;G3 3500 (Dell Inc.);""
63.68;;0x0;60;-1;0,0;0,06;3;1710,1;640x360;108,48;25,00;2712;1592;G3 3500 (Dell Inc.);""
64.68;;0x0;60;-1;0,0;0,06;3;1710,1;640x360;108,48;25,00;2712;1617;G3 3500 (Dell Inc.);""
65.68;;0x0;60;-1;0,0;0,06;3;1710,1;640x360;108,48;25,00;2712;1642;G3 3500 (Dell Inc.);""
66.68;;0x0;60;-1;0,0;0,06;3;1710,1;640x360;108,48;25,00;2712;1667;G3 3500 (Dell Inc.);""
67.68;;0x0;60;-1;0,0;0,06;3;1710,1;640x360;108,48;25,00;2712;1692;G3 3500 (Dell Inc.);""
68.16;;0x0;60;-1;0,6;0,06;3;1710,1;640x360;108,48;25,00;2712;1704;G3 3500 (Dell Inc.);""
68.16;;0x0;60;-1;1,6;0,06;3;1710,1;640x360;108,48;25,00;2712;1704;G3 3500 (Dell Inc.);""
68.16;;0x0;60;-1;2,6;0,06;3;1710,1;640x360;108,48;25,00;2712;1704;G3 3500 (Dell Inc.);""
68.72;;0x0;60;-1;0,0;0,06;3;1710,1;640x360;108,48;25,00;2712;1718;G3 3500 (Dell Inc.);"[68,16-71,16:3,00s]"
69.72;;0x0;60;-1;0,0;0,06;3;1710,1;640x360;108,48;25,00;2712;1743;G3 3500 (Dell Inc.);""
70.72;;0x0;60;-1;0,0;0,06;3;1710,1;640x360;108,48;25,00;2712;1768;G3 3500 (Dell Inc.);""
71.72;;0x0;60;-1;0,0;0,06;3;1710,1;640x360;108,48;25,00;2712;1793;G3 3500 (Dell Inc.);""
72.72;;0x0;60;-1;0,0;0,06;3;1710,1;640x360;108,48;25,00;2712;1818;G3 3500 (Dell Inc.);""
73.72;;0x0;60;-1;0,0;0,06;3;1710,1;640x360;108,48;25,00;2712;1843;G3 3500 (Dell Inc.);""
74.72;;0x0;60;-1;0,0;0,06;3;1710,1;640x360;108,48;25,00;2712;1868;G3 3500 (Dell Inc.);""
75.72;;0x0;60;-1;0,0;0,06;3;1710,1;640x360;108,48;25,00;2712;1893;G3 3500 (Dell Inc.);""
76.72;;0x0;60;-1;0,0;0,06;3;1710,1;640x360;108,48;25,00;2712;1918;G3 3500 (Dell Inc.);""
77.72;;0x0;60;-1;0,0;0,06;3;1710,1;640x360;108,48;25,00;2712;1943;G3 3500 (Dell Inc.);""
78.72;;0x0;60;-1;0,0;0,06;3;1710,1;640x360;108,48;25,00;2712;1968;G3 3500 (Dell Inc.);""
79.72;;0x0;60;-1;0,0;0,06;3;1710,1;640x360;108,48;25,00;2712;1993;G3 3500 (Dell Inc.);""
80.04;;0x0;60;-1;0,7;0,06;3;1710,1;640x360;108,48;25,00;2712;2001;G3 3500 (Dell Inc.);""
80.04;;0x0;60;-1;1,7;0,06;3;1710,1;640x360;108,48;25,00;2712;2001;G3 3500 (Dell Inc.);""
80.04;;0x0;60;-1;2,7;0,06;3;1710,1;640x360;108,48;25,00;2712;2001;G3 3500 (Dell Inc.);""
80.80;;0x0;60;-1;0,0;0,06;3;1710,1;640x360;108,48;25,00;2712;2020;G3 3500 (Dell Inc.);"[80,04-83,02:2,98s]"
81.80;;0x0;60;-1;0,0;0,06;3;1710,1;640x360;108,48;25,00;2712;2045;G3 3500 (Dell Inc.);""
82.80;;0x0;60;-1;0,0;0,06;3;1710,1;640x360;108,48;25,00;2712;2070;G3 3500 (Dell Inc.);""
83.80;;0x0;60;-1;0,0;0,06;3;1710,1;640x360;108,48;25,00;2712;2095;G3 3500 (Dell Inc.);""
84.80;;0x0;60;-1;0,0;0,06;3;1710,1;640x360;108,48;25,00;2712;2120;G3 3500 (Dell Inc.);""
85.80;;0x0;60;-1;0,0;0,06;3;1710,1;640x360;108,48;25,00;2712;2145;G3 3500 (Dell Inc.);""
86.80;;0x0;60;-1;0,0;0,06;3;1710,1;640x360;108,48;25,00;2712;2170;G3 3500 (Dell Inc.);""
87.00;;0x0;60;-1;0,8;0,06;3;1710,1;640x360;108,48;25,00;2712;2175;G3 3500 (Dell Inc.);""
87.00;;0x0;60;-1;1,8;0,06;3;1710,1;640x360;108,48;25,00;2712;2175;G3 3500 (Dell Inc.);""
87.00;;0x0;60;-1;2,8;0,06;3;1710,1;640x360;108,48;25,00;2712;2175;G3 3500 (Dell Inc.);""
87.00;;0x0;60;-1;3,8;0,06;3;1710,1;640x360;108,48;25,00;2712;2175;G3 3500 (Dell Inc.);""
87.88;;0x0;60;-1;0,0;0,06;3;1710,1;640x360;108,48;25,00;2712;2197;G3 3500 (Dell Inc.);"[87,00-90,94:3,94s]"
88.88;;0x0;60;-1;0,0;0,06;3;1710,1;640x360;108,48;25,00;2712;2222;G3 3500 (Dell Inc.);""
89.88;;0x0;60;-1;0,0;0,06;3;1710,1;640x360;108,48;25,00;2712;2247;G3 3500 (Dell Inc.);""
90.88;;0x0;60;-1;0,0;0,06;3;1710,1;640x360;108,48;25,00;2712;2272;G3 3500 (Dell Inc.);""
91.88;;0x0;60;-1;0,0;0,06;3;1710,1;640x360;108,48;25,00;2712;2297;G3 3500 (Dell Inc.);""
92.88;;0x0;60;-1;0,0;0,06;3;1710,1;640x360;108,48;25,00;2712;2322;G3 3500 (Dell Inc.);""
93.88;;0x0;60;-1;0,0;0,06;3;1710,1;640x360;108,48;25,00;2712;2347;G3 3500 (Dell Inc.);""
94.88;;0x0;60;-1;0,0;0,06;3;1710,1;640x360;108,48;25,00;2712;2372;G3 3500 (Dell Inc.);""
95.52;;0x0;60;-1;0,4;0,06;3;1710,1;640x360;108,48;25,00;2712;2388;G3 3500 (Dell Inc.);""
95.52;;0x0;60;-1;1,4;0,06;3;1710,1;640x360;108,48;25,00;2712;2388;G3 3500 (Dell Inc.);""
95.52;;0x0;60;-1;2,4;0,06;3;1710,1;640x360;108,48;25,00;2712;2388;G3 3500 (Dell Inc.);""
96.08;;0x0;60;-1;0,0;0,06;3;1710,1;640x360;108,48;25,00;2712;2402;G3 3500 (Dell Inc.);"[95,52-98,35:2,83s]"
97.08;;0x0;60;-1;0,0;0,06;3;1710,1;640x360;108,48;25,00;2712;2427;G3 3500 (Dell Inc.);""
98.08;;0x0;60;-1;0,0;0,06;3;1710,1;640x360;108,48;25,00;2712;2452;G3 3500 (Dell Inc.);""
99.08;;0x0;60;-1;0,0;0,06;3;1710,1;640x360;108,48;25,00;2712;2477;G3 3500 (Dell Inc.);""
100.08;;0x0;60;-1;0,0;0,06;3;1710,1;640x360;108,48;25,00;2712;2502;G3 3500 (Dell Inc.);""
101.08;;0x0;60;-1;0,0;0,06;3;1710,1;640x360;108,48;25,00;2712;2527;G3 3500 (Dell Inc.);""
102.08;;0x0;60;-1;0,0;0,06;3;1710,1;640x360;108,48;25,00;2712;2552;G3 3500 (Dell Inc.);""
103.08;;0x0;60;-1;0,0;0,06;3;1710,1;640x360;108,48;25,00;2712;2577;G3 3500 (Dell Inc.);""
104.08;;0x0;60;-1;0,0;0,06;3;1710,1;640x360;108,48;25,00;2712;2602;G3 3500 (Dell Inc.);""
105.08;;0x0;60;-1;0,0;0,06;3;1710,1;640x360;108,48;25,00;2712;2627;G3 3500 (Dell Inc.);""
106.08;;0x0;60;-1;0,0;0,06;3;1710,1;640x360;108,48;25,00;2712;2652;G3 3500 (Dell Inc.);""
107.08;;0x0;60;-1;0,0;0,06;3;1710,1;640x360;108,48;25,00;2712;2677;G3 3500 (Dell Inc.);""
107.60;;0x0;60;-1;0,5;0,06;3;1710,1;640x360;108,48;25,00;2712;2690;G3 3500 (Dell Inc.);""
107.60;;0x0;60;-1;1,5;0,06;3;1710,1;640x360;108,48;25,00;2712;2690;G3 3500 (Dell Inc.);""
107.76;;0x0;60;-1;0,0;0,06;3;1710,1;640x360;108,48;25,00;2712;2694;G3 3500 (Dell Inc.);"[107,60-109,97:2,37s]"
108.44;;0x0;60;-1;0,0;0,06;3;1710,1;640x360;108,48;25,00;2712;2711;G3 3500 (Dell Inc.);""
108.44;;0x0;60;-1;0,0;0,06;3;1710,1;640x360;108,48;25,00;2712;2711;G3 3500 (Dell Inc.);""
108.44;;0x0;60;-1;0,0;0,06;3;1710,1;640x360;108,48;25,00;2712;2711;G3 3500 (Dell Inc.);""
108.44;;0x0;60;-1;0,0;0,06;3;1710,1;640x360;108,48;25,00;2712;2711;G3 3500 (Dell Inc.);""
108.44;;0x0;60;-1;0,0;0,06;3;1710,1;640x360;108,48;25,00;2712;2711;G3 3500 (Dell Inc.);""
108.44;;0x0;60;-1;0,0;0,06;3;1710,1;640x360;108,48;25,00;2712;2711;G3 3500 (Dell Inc.);""
108.44;;0x0;60;-1;0,0;0,06;3;1710,1;640x360;108,48;25,00;2712;2711;G3 3500 (Dell Inc.);""
108.44;;0x0;60;-1;0,5;0,06;3;1710,1;640x360;108,48;25,00;2712;2711;G3 3500 (Dell Inc.);""
108.44;;0x0;60;-1;1,5;0,06;3;1710,1;640x360;108,48;25,00;2712;2711;G3 3500 (Dell Inc.);""
108.44;;0x0;60;-1;2,5;0,06;3;1710,1;640x360;108,48;25,00;2712;2711;G3 3500 (Dell Inc.);""
108.44;;0x0;60;-1;3,5;0,06;3;1710,1;640x360;108,48;25,00;2712;2711;G3 3500 (Dell Inc.);""
0.72;;0x0;60;-1;0,0;0,06;4;1710,1;640x360;108,48;25,00;2712;18;G3 3500 (Dell Inc.);"[108,44-112,24:3,80s]"
1.72;;0x0;60;-1;0,0;0,06;4;1710,1;640x360;108,48;25,00;2712;43;G3 3500 (Dell Inc.);""
2.72;;0x0;60;-1;0,0;0,06;4;1710,1;640x360;108,48;25,00;2712;68;G3 3500 (Dell Inc.);""
3.72;;0x0;60;-1;0,0;0,06;4;1710,1;640x360;108,48;25,00;2712;93;G3 3500 (Dell Inc.);""
4.72;;0x0;60;-1;0,0;0,06;4;1710,1;640x360;108,48;25,00;2712;118;G3 3500 (Dell Inc.);""
5.72;;0x0;60;-1;0,0;0,06;4;1710,1;640x360;108,48;25,00;2712;143;G3 3500 (Dell Inc.);""
6.72;;0x0;60;-1;0,0;0,06;4;1710,1;640x360;108,48;25,00;2712;168;G3 3500 (Dell Inc.);""
7.72;;0x0;60;-1;0,0;0,06;4;1710,1;640x360;108,48;25,00;2712;193;G3 3500 (Dell Inc.);""
8.72;;0x0;60;-1;0,0;0,06;4;1710,1;640x360;108,48;25,00;2712;218;G3 3500 (Dell Inc.);""
9.72;;0x0;60;-1;0,0;0,06;4;1710,1;640x360;108,48;25,00;2712;243;G3 3500 (Dell Inc.);""
10.72;;0x0;60;-1;0,0;0,06;4;1710,1;640x360;108,48;25,00;2712;268;G3 3500 (Dell Inc.);""
11.72;;0x0;60;-1;0,0;0,06;4;1710,1;640x360;108,48;25,00;2712;293;G3 3500 (Dell Inc.);""
12.72;;0x0;60;-1;0,0;0,06;4;1710,1;640x360;108,48;25,00;2712;318;G3 3500 (Dell Inc.);""
13.72;;0x0;60;-1;0,0;0,06;4;1710,1;640x360;108,48;25,00;2712;343;G3 3500 (Dell Inc.);""
14.72;;0x0;60;-1;0,0;0,06;4;1710,1;640x360;108,48;25,00;2712;368;G3 3500 (Dell Inc.);""
14.76;;0x0;60;-1;1,0;0,06;4;1710,1;640x360;108,48;25,00;2712;369;G3 3500 (Dell Inc.);""
14.76;;0x0;60;-1;2,0;0,06;4;1710,1;640x360;108,48;25,00;2712;369;G3 3500 (Dell Inc.);""
14.76;;0x0;60;-1;3,0;0,06;4;1710,1;640x360;108,48;25,00;2712;369;G3 3500 (Dell Inc.);""
15.60;;0x0;60;-1;0,0;0,06;4;1710,1;640x360;108,48;25,00;2712;390;G3 3500 (Dell Inc.);"[14,76-17,89:3,13s]"
16.60;;0x0;60;-1;0,0;0,06;4;1710,1;640x360;108,48;25,00;2712;415;G3 3500 (Dell Inc.);""
17.60;;0x0;60;-1;0,0;0,06;4;1710,1;640x360;108,48;25,00;2712;440;G3 3500 (Dell Inc.);""
18.60;;0x0;60;-1;0,0;0,06;4;1710,1;640x360;108,48;25,00;2712;465;G3 3500 (Dell Inc.);""
19.60;;0x0;60;-1;0,0;0,06;4;1710,1;640x360;108,48;25,00;2712;490;G3 3500 (Dell Inc.);""
20.60;;0x0;60;-1;0,0;0,06;4;1710,1;640x360;108,48;25,00;2712;515;G3 3500 (Dell Inc.);""
21.60;;0x0;60;-1;0,0;0,06;4;1710,1;640x360;108,48;25,00;2712;540;G3 3500 (Dell Inc.);""
22.60;;0x0;60;-1;0,0;0,06;4;1710,1;640x360;108,48;25,00;2712;565;G3 3500 (Dell Inc.);""
23.36;;0x0;60;-1;0,3;0,06;4;1710,1;640x360;108,48;25,00;2712;584;G3 3500 (Dell Inc.);""
23.36;;0x0;60;-1;1,3;0,06;4;1710,1;640x360;108,48;25,00;2712;584;G3 3500 (Dell Inc.);""
23.36;;0x0;60;-1;2,3;0,06;4;1710,1;640x360;108,48;25,00;2712;584;G3 3500 (Dell Inc.);""
23.96;;0x0;60;-1;0,0;0,06;4;1710,1;640x360;108,48;25,00;2712;599;G3 3500 (Dell Inc.);"[23,36-26,04:2,68s]"
24.96;;0x0;60;-1;0,0;0,06;4;1710,1;640x360;108,48;25,00;2712;624;G3 3500 (Dell Inc.);""
25.96;;0x0;60;-1;0,0;0,06;4;1710,1;640x360;108,48;25,00;2712;649;G3 3500 (Dell Inc.);""
26.96;;0x0;60;-1;0,0;0,06;4;1710,1;640x360;108,48;25,00;2712;674;G3 3500 (Dell Inc.);""
27.96;;0x0;60;-1;0,0;0,06;4;1710,1;640x360;108,48;25,00;2712;699;G3 3500 (Dell Inc.);""
28.96;;0x0;60;-1;0,0;0,06;4;1710,1;640x360;108,48;25,00;2712;724;G3 3500 (Dell Inc.);""
29.96;;0x0;60;-1;0,0;0,06;4;1710,1;640x360;108,48;25,00;2712;749;G3 3500 (Dell Inc.);""
30.96;;0x0;60;-1;0,0;0,06;4;1710,1;640x360;108,48;25,00;2712;774;G3 3500 (Dell Inc.);""
31.96;;0x0;60;-1;0,0;0,06;4;1710,1;640x360;108,48;25,00;2712;799;G3 3500 (Dell Inc.);""
32.96;;0x0;60;-1;0,0;0,06;4;1710,1;640x360;108,48;25,00;2712;824;G3 3500 (Dell Inc.);""
33.96;;0x0;60;-1;0,0;0,06;4;1710,1;640x360;108,48;25,00;2712;849;G3 3500 (Dell Inc.);""
34.96;;0x0;60;-1;0,0;0,06;4;1710,1;640x360;108,48;25,00;2712;874;G3 3500 (Dell Inc.);""
35.96;;0x0;60;-1;0,0;0,06;4;1710,1;640x360;108,48;25,00;2712;899;G3 3500 (Dell Inc.);""
36.88;;0x0;60;-1;0,1;0,06;4;1710,1;640x360;108,48;25,00;2712;922;G3 3500 (Dell Inc.);""
36.88;;0x0;60;-1;1,1;0,06;4;1710,1;640x360;108,48;25,00;2712;922;G3 3500 (Dell Inc.);""
36.88;;0x0;60;-1;2,1;0,06;4;1710,1;640x360;108,48;25,00;2712;922;G3 3500 (Dell Inc.);""
37.44;;0x0;60;-1;0,0;0,06;4;1710,1;640x360;108,48;25,00;2712;936;G3 3500 (Dell Inc.);"[36,88-39,44:2,56s]"
38.44;;0x0;60;-1;0,0;0,06;4;1710,1;640x360;108,48;25,00;2712;961;G3 3500 (Dell Inc.);""
39.44;;0x0;60;-1;0,0;0,06;4;1710,1;640x360;108,48;25,00;2712;986;G3 3500 (Dell Inc.);""
40.44;;0x0;60;-1;0,0;0,06;4;1710,1;640x360;108,48;25,00;2712;1011;G3 3500 (Dell Inc.);""
41.44;;0x0;60;-1;0,0;0,06;4;1710,1;640x360;108,48;25,00;2712;1036;G3 3500 (Dell Inc.);""
42.44;;0x0;60;-1;0,0;0,06;4;1710,1;640x360;108,48;25,00;2712;1061;G3 3500 (Dell Inc.);""
43.44;;0x0;60;-1;0,0;0,06;4;1710,1;640x360;108,48;25,00;2712;1086;G3 3500 (Dell Inc.);""
44.44;;0x0;60;-1;0,0;0,06;4;1710,1;640x360;108,48;25,00;2712;1111;G3 3500 (Dell Inc.);""
45.44;;0x0;60;-1;0,0;0,06;4;1710,1;640x360;108,48;25,00;2712;1136;G3 3500 (Dell Inc.);""
46.44;;0x0;60;-1;0,0;0,06;4;1710,1;640x360;108,48;25,00;2712;1161;G3 3500 (Dell Inc.);""
47.44;;0x0;60;-1;0,0;0,06;4;1710,1;640x360;108,48;25,00;2712;1186;G3 3500 (Dell Inc.);""
48.44;;0x0;60;-1;0,0;0,06;4;1710,1;640x360;108,48;25,00;2712;1211;G3 3500 (Dell Inc.);""
49.44;;0x0;60;-1;0,0;0,06;4;1710,1;640x360;108,48;25,00;2712;1236;G3 3500 (Dell Inc.);""
49.72;;0x0;60;-1;0,7;0,06;4;1710,1;640x360;108,48;25,00;2712;1243;G3 3500 (Dell Inc.);""
49.72;;0x0;60;-1;1,7;0,06;4;1710,1;640x360;108,48;25,00;2712;1243;G3 3500 (Dell Inc.);""
49.72;;0x0;60;-1;2,7;0,06;4;1710,1;640x360;108,48;25,00;2712;1243;G3 3500 (Dell Inc.);""
49.72;;0x0;60;-1;3,7;0,06;4;1710,1;640x360;108,48;25,00;2712;1243;G3 3500 (Dell Inc.);""
50.56;;0x0;60;-1;0,0;0,06;4;1710,1;640x360;108,48;25,00;2712;1264;G3 3500 (Dell Inc.);"[49,72-53,66:3,94s]"
51.56;;0x0;60;-1;0,0;0,06;4;1710,1;640x360;108,48;25,00;2712;1289;G3 3500 (Dell Inc.);""
52.56;;0x0;60;-1;0,0;0,06;4;1710,1;640x360;108,48;25,00;2712;1314;G3 3500 (Dell Inc.);""
53.56;;0x0;60;-1;0,0;0,06;4;1710,1;640x360;108,48;25,00;2712;1339;G3 3500 (Dell Inc.);""
54.56;;0x0;60;-1;0,0;0,06;4;1710,1;640x360;108,48;25,00;2712;1364;G3 3500 (Dell Inc.);""
55.56;;0x0;60;-1;0,0;0,06;4;1710,1;640x360;108,48;25,00;2712;1389;G3 3500 (Dell Inc.);""
56.56;;0x0;60;-1;0,0;0,06;4;1710,1;640x360;108,48;25,00;2712;1414;G3 3500 (Dell Inc.);""
57.56;;0x0;60;-1;0,0;0,06;4;1710,1;640x360;108,48;25,00;2712;1439;G3 3500 (Dell Inc.);""
58.56;;0x0;60;-1;0,0;0,06;4;1710,1;640x360;108,48;25,00;2712;1464;G3 3500 (Dell Inc.);""
59.56;;0x0;60;-1;0,0;0,06;4;1710,1;640x360;108,48;25,00;2712;1489;G3 3500 (Dell Inc.);""
59.64;;0x0;60;-1;0,9;0,06;4;1710,1;640x360;108,48;25,00;2712;1491;G3 3500 (Dell Inc.);""
59.64;;0x0;60;-1;1,9;0,06;4;1710,1;640x360;108,48;25,00;2712;1491;G3 3500 (Dell Inc.);""
59.64;;0x0;60;-1;2,9;0,06;4;1710,1;640x360;108,48;25,00;2712;1491;G3 3500 (Dell Inc.);""
60.36;;0x0;60;-1;0,0;0,06;4;1710,1;640x360;108,48;25,00;2712;1509;G3 3500 (Dell Inc.);"[59,64-62,84:3,20s]"
61.36;;0x0;60;-1;0,0;0,06;4;1710,1;640x360;108,48;25,00;2712;1534;G3 3500 (Dell Inc.);""
62.36;;0x0;60;-1;0,0;0,06;4;1710,1;640x360;108,48;25,00;2712;1559;G3 3500 (Dell Inc.);""
63.36;;0x0;60;-1;0,0;0,06;4;1710,1;640x360;108,48;25,00;2712;1584;G3 3500 (Dell Inc.);""
64.36;;0x0;60;-1;0,0;0,06;4;1710,1;640x360;108,48;25,00;2712;1609;G3 3500 (Dell Inc.);""
65.36;;0x0;60;-1;0,0;0,06;4;1710,1;640x360;108,48;25,00;2712;1634;G3 3500 (Dell Inc.);""
66.36;;0x0;60;-1;0,0;0,06;4;1710,1;640x360;108,48;25,00;2712;1659;G3 3500 (Dell Inc.);""
67.36;;0x0;60;-1;0,0;0,06;4;1710,1;640x360;108,48;25,00;2712;1684;G3 3500 (Dell Inc.);""
68.24;;0x0;60;-1;0,2;0,06;4;1710,1;640x360;108,48;25,00;2712;1706;G3 3500 (Dell Inc.);""
68.24;;0x0;60;-1;1,2;0,06;4;1710,1;640x360;108,48;25,00;2712;1706;G3 3500 (Dell Inc.);""
68.24;;0x0;60;-1;2,2;0,06;4;1710,1;640x360;108,48;25,00;2712;1706;G3 3500 (Dell Inc.);""
68.24;;0x0;60;-1;3,2;0,06;4;1710,1;640x360;108,48;25,00;2712;1706;G3 3500 (Dell Inc.);""
69.04;;0x0;60;-1;0,0;0,06;4;1710,1;640x360;108,48;25,00;2712;1726;G3 3500 (Dell Inc.);"[68,24-71,61:3,37s]"
70.04;;0x0;60;-1;0,0;0,06;4;1710,1;640x360;108,48;25,00;2712;1751;G3 3500 (Dell Inc.);""
71.04;;0x0;60;-1;0,0;0,06;4;1710,1;640x360;108,48;25,00;2712;1776;G3 3500 (Dell Inc.);""
72.04;;0x0;60;-1;0,0;0,06;4;1710,1;640x360;108,48;25,00;2712;1801;G3 3500 (Dell Inc.);""
73.04;;0x0;60;-1;0,0;0,06;4;1710,1;640x360;108,48;25,00;2712;1826;G3 3500 (Dell Inc.);""
74.04;;0x0;60;-1;0,0;0,06;4;1710,1;640x360;108,48;25,00;2712;1851;G3 3500 (Dell Inc.);""
75.04;;0x0;60;-1;0,0;0,06;4;1710,1;640x360;108,48;25,00;2712;1876;G3 3500 (Dell Inc.);""
76.04;;0x0;60;-1;0,0;0,06;4;1710,1;640x360;108,48;25,00;2712;1901;G3 3500 (Dell Inc.);""
77.04;;0x0;60;-1;0,0;0,06;4;1710,1;640x360;108,48;25,00;2712;1926;G3 3500 (Dell Inc.);""
78.04;;0x0;60;-1;0,0;0,06;4;1710,1;640x360;108,48;25,00;2712;1951;G3 3500 (Dell Inc.);""
79.04;;0x0;60;-1;0,0;0,06;4;1710,1;640x360;108,48;25,00;2712;1976;G3 3500 (Dell Inc.);""
80.04;;0x0;60;-1;0,0;0,06;4;1710,1;640x360;108,48;25,00;2712;2001;G3 3500 (Dell Inc.);""
80.40;;0x0;60;-1;0,7;0,06;4;1710,1;640x360;108,48;25,00;2712;2010;G3 3500 (Dell Inc.);""
80.40;;0x0;60;-1;1,7;0,06;4;1710,1;640x360;108,48;25,00;2712;2010;G3 3500 (Dell Inc.);""
80.40;;0x0;60;-1;2,7;0,06;4;1710,1;640x360;108,48;25,00;2712;2010;G3 3500 (Dell Inc.);""
80.88;;0x0;60;-1;0,0;0,06;4;1710,1;640x360;108,48;25,00;2712;2022;G3 3500 (Dell Inc.);"[80,40-83,60:3,20s]"
81.88;;0x0;60;-1;0,0;0,06;4;1710,1;640x360;108,48;25,00;2712;2047;G3 3500 (Dell Inc.);""
82.88;;0x0;60;-1;0,0;0,06;4;1710,1;640x360;108,48;25,00;2712;2072;G3 3500 (Dell Inc.);""
83.88;;0x0;60;-1;0,0;0,06;4;1710,1;640x360;108,48;25,00;2712;2097;G3 3500 (Dell Inc.);""
84.88;;0x0;60;-1;0,0;0,06;4;1710,1;640x360;108,48;25,00;2712;2122;G3 3500 (Dell Inc.);""
85.88;;0x0;60;-1;0,0;0,06;4;1710,1;640x360;108,48;25,00;2712;2147;G3 3500 (Dell Inc.);""
86.88;;0x0;60;-1;0,0;0,06;4;1710,1;640x360;108,48;25,00;2712;2172;G3 3500 (Dell Inc.);""
87.88;;0x0;60;-1;0,0;0,06;4;1710,1;640x360;108,48;25,00;2712;2197;G3 3500 (Dell Inc.);""
88.88;;0x0;60;-1;0,0;0,06;4;1710,1;640x360;108,48;25,00;2712;2222;G3 3500 (Dell Inc.);""
89.88;;0x0;60;-1;0,0;0,06;4;1710,1;640x360;108,48;25,00;2712;2247;G3 3500 (Dell Inc.);""
90.88;;0x0;60;-1;0,0;0,06;4;1710,1;640x360;108,48;25,00;2712;2272;G3 3500 (Dell Inc.);""
91.68;;0x0;60;-1;0,2;0,06;4;1710,1;640x360;108,48;25,00;2712;2292;G3 3500 (Dell Inc.);""
91.68;;0x0;60;-1;1,2;0,06;4;1710,1;640x360;108,48;25,00;2712;2292;G3 3500 (Dell Inc.);""
91.68;;0x0;60;-1;2,2;0,06;4;1710,1;640x360;108,48;25,00;2712;2292;G3 3500 (Dell Inc.);""
91.88;;0x0;60;-1;0,0;0,06;4;1710,1;640x360;108,48;25,00;2712;2297;G3 3500 (Dell Inc.);"[91,68-94,73:3,05s]"
92.88;;0x0;60;-1;0,0;0,06;4;1710,1;640x360;108,48;25,00;2712;2322;G3 3500 (Dell Inc.);""
93.88;;0x0;60;-1;0,0;0,06;4;1710,1;640x360;108,48;25,00;2712;2347;G3 3500 (Dell Inc.);""
94.88;;0x0;60;-1;0,0;0,06;4;1710,1;640x360;108,48;25,00;2712;2372;G3 3500 (Dell Inc.);""
95.88;;0x0;60;-1;0,0;0,06;4;1710,1;640x360;108,48;25,00;2712;2397;G3 3500 (Dell Inc.);""
96.88;;0x0;60;-1;0,0;0,06;4;1710,1;640x360;108,48;25,00;2712;2422;G3 3500 (Dell Inc.);""
97.88;;0x0;60;-1;0,0;0,06;4;1710,1;640x360;108,48;25,00;2712;2447;G3 3500 (Dell Inc.);""
98.76;;0x0;60;-1;0,1;0,06;4;1710,1;640x360;108,48;25,00;2712;2469;G3 3500 (Dell Inc.);""
98.76;;0x0;60;-1;1,1;0,06;4;1710,1;640x360;108,48;25,00;2712;2469;G3 3500 (Dell Inc.);""
98.76;;0x0;60;-1;2,1;0,06;4;1710,1;640x360;108,48;25,00;2712;2469;G3 3500 (Dell Inc.);""
98.76;;0x0;60;-1;3,1;0,06;4;1710,1;640x360;108,48;25,00;2712;2469;G3 3500 (Dell Inc.);""
98.92;;0x0;60;-1;0,0;0,06;4;1710,1;640x360;108,48;25,00;2712;2473;G3 3500 (Dell Inc.);"[98,76-102,75:3,99s]"
99.92;;0x0;60;-1;0,0;0,06;4;1710,1;640x360;108,48;25,00;2712;2498;G3 3500 (Dell Inc.);""
100.92;;0x0;60;-1;0,0;0,06;4;1710,1;640x360;108,48;25,00;2712;2523;G3 3500 (Dell Inc.);""
101.92;;0x0;60;-1;0,0;0,06;4;1710,1;640x360;108,48;25,00;2712;2548;G3 3500 (Dell Inc.);""
102.92;;0x0;60;-1;0,0;0,06;4;1710,1;640x360;108,48;25,00;2712;2573;G3 3500 (Dell Inc.);""
103.92;;0x0;60;-1;0,0;0,06;4;1710,1;640x360;108,48;25,00;2712;2598;G3 3500 (Dell Inc.);""
104.92;;0x0;60;-1;0,0;0,06;4;1710,1;640x360;108,48;25,00;2712;2623;G3 3500 (Dell Inc.);""
105.92;;0x0;60;-1;0,0;0,06;4;1710,1;640x360;108,48;25,00;2712;2648;G3 3500 (Dell Inc.);""
106.92;;0x0;60;-1;0,0;0,06;4;1710,1;640x360;108,48;25,00;2712;2673;G3 3500 (Dell Inc.);""
107.92;;0x0;60;-1;0,0;0,06;4;1710,1;640x360;108,48;25,00;2712;2698;G3 3500 (Dell Inc.);""
